product_categories,total_orders,total_revenue,average_review,average_delivery_days
health_beauty,8766,1431958.93,4.1880626747883385,12.118647738286427
watches_gifts,5584,1299043.43,4.073324905183313,12.83686288043958
bed_bath_table,9219,1215697.76,3.989578762615182,13.046883875369861
sports_leisure,7653,1149968.94,4.177979479084452,12.269003007429243
computers_accessories,6638,1052547.18,4.031600484995453,13.19687031070467
furniture_decor,6246,877181.43,4.042117153461352,13.19007316976067
housewares,5782,769593.9,4.162166869883295,11.12444466603636
cool_stuff,3566,710395.83,4.196433625813756,12.424223390564196
auto,3862,682078.2,4.102941176470588,12.341781573239906
garden_tools,3445,574965.8,4.166179906542056,13.70315694608956
toys,3836,556609.53,4.19892190376019,11.768051337832238
baby,2792,468363.65,4.0706031058143735,12.772995703615067
perfumery,3136,451069.1,4.2114276568501925,11.942212269728088
telephony,4172,392993.02,4.011108427915962,12.975510915951613
office_furniture,1258,339152.81,3.6318108974358974,20.745649652123877
stationery,2280,275309.21,4.25684628975265,12.832050746587385
pet_shop,1700,253662.87,4.246599645180367,11.402755926367368
computers,180,231394.34,4.192090395480226,13.94064032249579
musical_instruments,621,209528.93,4.183739837398374,13.164979457934756
small_appliances,624,205101.78,4.190938511326861,11.02665806768626
electronics,2527,203016.83,4.101674641148326,12.961688710312156
fashion_bags_accessories,1853,184036.91,4.186279826464208,11.25751353610651
consoles_games,1054,176615.21,4.0761494252873565,13.82351547029703
luggage_accessories,1019,168806.5,4.340886699507389,10.900001383355466
construction_tools_construction,731,163341.64,4.103994490358127,10.908583085432442
home_appliances_2,233,123717.8,4.138528138528138,13.884754844723041
home_appliances,764,94990.43,4.160096364432764,11.311721128340524
home_construction,464,91268.44,4.078091106290673,13.562417006037766
furniture_living_room,407,84287.49,4.067164179104478,14.104360815232527
agro_industry_and_commerce,182,78374.07,4.021978021978022,11.432300428960033
fixed_telephony,215,63998.26,3.891509433962264,12.59972547398589
air_conditioning,251,61541.52,4.044534412955466,11.9118220154068
home_confort,347,60706.89,3.9507246376811596,13.811492378709119
kitchen_dining_laundry_garden_furniture,242,57744.61,4.0625,11.994362046887312
books_general_interest,507,55832.15,4.467196819085487,11.5557002787226
audio,344,55352.1,3.846041055718475,13.512990138347412
small_appliances_home_oven_and_coffee,75,50193.57,4.293333333333333,9.927397762345679
industry_commerce_and_business,231,46949.31,4.218340611353712,10.92542273413281
construction_tools_lights,226,45601.2,4.201793721973094,9.79320152323082
construction_tools_safety,160,43075.7,3.8742138364779874,11.714350252802143
food,442,35883.49,4.281464530892449,9.838549044136515
market_place,268,32603.93,4.078947368421052,12.50266283220243
costruction_tools_garden,185,28899.82,4.248648648648649,11.959289313484756
fashion_shoes,238,28382.69,4.228632478632479,15.739348225639803
signaling_and_security,139,27919.83,4.131386861313868,10.877557447958909
art,196,27658.37,4.061855670103093,11.406297827258475
drinks,289,27483.97,4.170138888888889,10.451560301340766
furniture_bedroom,92,23856.510000000002,4.168478260869565,13.945071706045127
books_technical,256,23170.45,4.4189723320158105,10.644973958333335
food_drink,223,19505.13,4.382882882882883,10.90133032514081
costruction_tools_tools,97,17934.170000000002,4.425531914893617,12.209838082283314
"bed_bath_table, furniture_decor",67,16534.67,3.1363636363636362,11.397874170812603
fashion_male_clothing,112,13015.23,3.7027027027027026,12.85953692784766
christmas_supplies,127,11983.56,4.048,15.476627650836319
fashion_underwear_beach,121,11457.74,3.933333333333333,14.00258270022159
"bed_bath_table, home_confort",42,10553.75,3.5238095238095237,13.576563051146385
tablets_printing_image,76,8483.71,4.162162162162162,13.11042565180312
cine_photo,63,7881.9800000000005,4.333333333333333,10.587523907103826
dvds_blu_ray,57,7146.39,4.071428571428571,13.088238168724281
music,36,6620.0199999999995,4.388888888888889,11.790292566872429
"baby, cool_stuff",19,6370.2300000000005,2.526315789473684,11.609708211500974
furniture_mattress_and_upholstery,38,5998.54,3.8157894736842106,14.432969532032033
books_imported,53,5441.41,4.320754716981132,8.178885185185186
"furniture_decor, garden_tools",16,5440.83,2.4375,11.36029552469136
party_supplies,38,5219.96,4.0,9.05474411911912
"bed_bath_table, housewares",20,5153.55,3.3,7.3787523148148155
"furniture_decor, housewares",22,4610.32,3.1363636363636362,8.083452756734006
"construction_tools_lights, furniture_decor",11,4305.469999999999,3.3636363636363638,8.99900989057239
portateis_cozinha_e_preparadores_de_alimentos,14,4278.29,3.4285714285714284,8.442662927350428
"furniture_decor, home_construction",11,4173.99,2.3636363636363638,7.839599116161616
"computers_accessories, garden_tools",9,4057.34,3.111111111111111,9.68507667824074
"baby, toys",19,3839.5299999999997,3.5789473684210527,8.600434332358674
"baby, bed_bath_table",15,3536.23,2.7333333333333334,10.676733024691357
fashio_female_clothing,38,3337.65,3.776315789473684,12.63978240740741
"furniture_decor, furniture_living_room",7,2766.67,2.7142857142857144,6.652212301587302
"audio, watches_gifts",6,2738.2799999999997,3.1666666666666665,11.023186728395062
"health_beauty, perfumery",12,2636.65,3.8333333333333335,7.251975308641975
"construction_tools_lights, sports_leisure",3,2609.4900000000002,4.0,15.8072762345679
"sports_leisure, watches_gifts",5,2587.6099999999997,3.6,9.034136574074074
"health_beauty, sports_leisure",13,2579.94,2.769230769230769,7.41073717948718
fashion_sport,25,2543.42,4.4,10.293810281635803
"garden_tools, housewares",11,2514.34,2.5454545454545454,11.15526515151515
"housewares, sports_leisure",11,2333.15,2.4545454545454546,10.066428872053871
"computers_accessories, electronics",5,2267.6800000000003,3.4,8.938143518518519
la_cuisine,11,2216.62,4.545454545454546,7.089791666666667
"baby, furniture_decor",11,2191.14,2.909090909090909,8.245026304713805
diapers_and_hygiene,27,2141.27,3.740740740740741,10.486374074074075
arts_and_craftmanship,21,2131.0,4.285714285714286,5.682439373897707
"garden_tools, home_construction",6,2008.8799999999999,1.3333333333333333,14.665788966049384
"construction_tools_construction, garden_tools",5,2004.79,3.4,11.087372685185183
"cool_stuff, toys",7,1946.03,3.857142857142857,13.161956018518518
"construction_tools_safety, home_construction",2,1821.4,1.0,16.44078125
"bed_bath_table, health_beauty",11,1785.24,3.727272727272727,7.385607112794613
"construction_tools_lights, costruction_tools_garden",1,1768.4,4.0,9.838993055555555
"bed_bath_table, cool_stuff",8,1643.77,2.4375,8.091396122685186
"computers, furniture_decor",1,1543.25,1.0,8.545127314814815
pc_gamer,7,1529.49,3.4285714285714284,10.20546875
"bed_bath_table, office_furniture",4,1512.39,1.75,9.500844907407407
flowers,27,1491.82,4.538461538461538,11.821306584362139
"furniture_decor, home_confort",5,1359.0,2.4,12.045881944444446
"bed_bath_table, market_place",1,1349.04,4.0,3.189039351851852
"luggage_accessories, stationery",5,1297.52,4.0,7.846618055555555
"cool_stuff, health_beauty",2,1295.79,3.5,12.053385416666668
"electronics, telephony",2,1285.1,4.0,6.981811342592593
"furniture_decor, health_beauty",3,1213.02,3.0,4.755520833333333
"computers_accessories, telephony",6,1193.36,2.1666666666666665,12.261329089506171
"baby, garden_tools",4,1190.12,3.0,8.51896701388889
home_comfort_2,22,1131.41,3.9047619047619047,15.075745475589224
"baby, housewares",5,1122.21,3.8,9.745969907407408
"furniture_living_room, office_furniture",3,1097.87,3.3333333333333335,14.647935956790121
"art, furniture_decor",5,1082.1200000000001,3.2,6.002921296296296
"furniture_decor, watches_gifts",6,1060.4099999999999,3.6,8.388304398148149
"health_beauty, small_appliances",1,1036.74,4.0,1.930289351851852
"construction_tools_safety, cool_stuff",2,1034.7600000000002,5.0,12.561024305555556
"health_beauty, stationery",4,1022.45,1.5,6.879421296296297
"housewares, small_appliances",1,1020.19,1.0,5.4200231481481485
"auto, housewares",2,986.64,1.0,30.848547453703702
"cool_stuff, telephony",5,955.33,2.2,11.949368055555556
cds_dvds_musicals,12,954.99,4.666666666666667,10.920239197530863
"drinks, health_beauty",3,938.4200000000001,4.666666666666667,5.41465663580247
"stationery, toys",6,935.1800000000001,2.8333333333333335,11.744332561728397
"computers_accessories, cool_stuff",4,899.28,4.5,10.840674189814814
"electronics, home_construction",1,891.8599999999999,5.0,18.820138888888888
"furniture_decor, office_furniture",3,888.24,3.0,13.811087962962963
"auto, computers_accessories",5,868.06,3.4,10.777400462962962
"office_furniture, sports_leisure",2,867.0899999999999,2.0,14.092569444444445
"cool_stuff, watches_gifts",2,842.0900000000001,1.5,8.470914351851851
"bed_bath_table, garden_tools",3,841.89,4.666666666666667,7.802291666666666
"small_appliances, sports_leisure",1,814.37,1.0,5.896574074074074
"computers_accessories, housewares",4,738.27,3.5,9.447931134259258
"electronics, watches_gifts",2,725.26,3.5,7.707708333333333
"health_beauty, watches_gifts",3,712.26,1.6666666666666667,4.674236111111111
"housewares, stationery",4,699.4,3.0,12.831961805555554
"health_beauty, toys",1,692.59,5.0,1.0305787037037035
"auto, sports_leisure",3,689.38,1.6666666666666667,11.911153549382716
"computers_accessories, luggage_accessories",2,675.31,2.5,11.347320601851854
"cool_stuff, furniture_decor",4,674.97,2.75,4.450575810185185
"sports_leisure, toys",4,658.26,4.5,8.921744791666667
"bed_bath_table, costruction_tools_garden",2,633.17,1.0,4.719259259259259
"computers_accessories, sports_leisure",2,621.11,4.5,5.146064814814815
"bed_bath_table, furniture_decor, office_furniture",1,614.21,3.0,4.940891203703703
"cool_stuff, tablets_printing_image",2,599.55,3.5,4.438871527777778
"housewares, kitchen_dining_laundry_garden_furniture",2,596.62,3.5,4.6675
"baby, construction_tools_lights",1,588.14,2.0,10.50523148148148
"furniture_decor, market_place",3,580.71,4.333333333333333,7.440586419753086
fashion_childrens_clothes,6,568.8,4.333333333333333,9.422712962962963
"bed_bath_table, toys",2,565.52,3.0,4.435266203703703
"bed_bath_table, electronics",2,564.7300000000001,2.0,11.450989583333332
"furniture_decor, industry_commerce_and_business",2,560.48,4.0,9.982112268518518
"garden_tools, sports_leisure",3,555.94,3.0,11.786107253086419
"baby, bed_bath_table, cool_stuff",1,547.29,1.0,12.01917824074074
"housewares, industry_commerce_and_business",1,542.96,1.0,5.580011574074074
"auto, construction_tools_construction",3,540.3499999999999,2.3333333333333335,12.764155092592594
"perfumery, sports_leisure",3,537.37,3.0,10.727758487654322
"health_beauty, housewares",1,536.09,4.0,4.13556712962963
"perfumery, watches_gifts",1,513.46,1.0,18.451284722222223
"food, health_beauty",3,487.65999999999997,3.3333333333333335,8.242746913580246
"furniture_living_room, toys",1,481.95,2.0,1.9294097222222224
"furniture_decor, perfumery",2,473.25,1.5,10.683576388888888
"auto, baby",2,469.41,3.5,10.886979166666666
"garden_tools, watches_gifts",2,456.15999999999997,1.5,9.778177083333333
"furniture_bedroom, furniture_decor",1,453.88000000000005,1.0,4.802013888888889
"electronics, food",1,437.59,3.0,5.097060185185185
"bed_bath_table, construction_tools_lights, garden_tools",1,435.96,1.0,10.123449074074074
"furniture_decor, garden_tools, home_construction",1,435.93,2.0,12.889421296296296
"computers_accessories, office_furniture",1,423.62,1.0,9.406145833333332
"consoles_games, cool_stuff",1,416.44,2.0,5.301886574074074
"auto, furniture_decor",2,408.62,5.0,8.900821759259259
"auto, telephony",3,407.06,3.0,8.077407407407408
"auto, cool_stuff",2,402.24,3.0,10.604837962962963
"cool_stuff, housewares",1,399.25,4.0,8.905972222222223
"cine_photo, cool_stuff, telephony",1,397.9,1.0,2.988935185185185
"electronics, garden_tools",1,395.32,5.0,13.93556712962963
"furniture_decor, musical_instruments",1,392.89,2.0,2.391284722222222
"home_confort, housewares",1,386.93,1.0,3.19837962962963
"construction_tools_lights, home_construction",1,372.01,1.0,8.145787037037037
"auto, garden_tools",2,364.33,2.0,6.331209490740741
"musical_instruments, toys",1,362.36,5.0,8.264363425925925
"construction_tools_construction, toys",1,350.17999999999995,3.0,4.110393518518518
"construction_tools_construction, furniture_decor",1,348.92,4.0,4.341215277777778
"furniture_decor, stationery",2,345.33,5.0,5.893038194444444
"stationery, watches_gifts",2,340.85,4.5,5.251990740740741
"electronics, furniture_decor",2,339.4,3.5,6.177285879629629
"health_beauty, luggage_accessories",2,334.23,5.0,10.951221064814817
"fashion_bags_accessories, stationery",2,327.35,5.0,7.220815972222223
"food_drink, housewares",2,325.21000000000004,5.0,6.633721064814814
"costruction_tools_garden, home_construction",1,324.59000000000003,1.0,26.58010416666667
security_and_services,2,324.51,2.5,15.138153935185183
"bed_bath_table, construction_tools_construction",1,322.06,1.0,4.98400462962963
"electronics, perfumery",2,320.22,5.0,5.8128877314814815
"bed_bath_table, furniture_living_room",2,317.47,3.5,3.93234375
"garden_tools, luggage_accessories",1,314.76,2.0,3.688796296296296
"health_beauty, market_place",2,313.64,1.0,4.951869212962963
"furniture_decor, sports_leisure",2,312.49,3.0,16.207181712962964
"computers_accessories, stationery",2,311.3,5.0,14.90407986111111
"bed_bath_table, furniture_decor, home_confort",1,310.70000000000005,1.0,6.295972222222222
"baby, watches_gifts",1,305.58,2.0,6.900231481481481
"baby, fashion_bags_accessories",3,302.31,5.0,11.9190625
"garden_tools, la_cuisine",1,299.54,,14.120787037037037
"industry_commerce_and_business, office_furniture",1,296.64,1.0,11.007048611111111
"baby, furniture_bedroom",1,295.67,5.0,1.6624074074074071
"baby, furniture_living_room",1,294.71,2.0,6.097974537037037
"drinks, sports_leisure",2,292.88,3.5,6.638802083333333
"housewares, perfumery",1,291.33000000000004,1.0,9.195960648148148
"perfumery, toys",2,289.69,3.0,9.569322916666668
"consoles_games, toys",2,286.57,3.0,2.6306770833333335
"auto, watches_gifts",1,279.46000000000004,1.0,9.89181712962963
"baby, luggage_accessories",1,279.33000000000004,5.0,10.064375
"bed_bath_table, market_place, perfumery",1,276.35,2.0,5.867916666666667
"furniture_decor, home_construction, housewares",1,276.32,1.0,6.753796296296296
"furniture_decor, small_appliances",1,275.48,5.0,14.316087962962962
"telephony, watches_gifts",2,272.57,3.0,9.364502314814814
"health_beauty, telephony",2,272.21000000000004,4.5,8.256736111111111
"drinks, housewares",2,268.34000000000003,4.5,5.753726851851852
"fixed_telephony, food",1,260.77,5.0,3.956354166666667
"furniture_decor, housewares, watches_gifts",1,258.85,1.0,13.164247685185185
"housewares, market_place",2,257.88,2.0,4.747777777777778
"food, sports_leisure",1,257.45,4.0,6.056956018518519
"consoles_games, housewares",1,247.95,4.0,7.083877314814814
"baby, health_beauty",1,246.24,5.0,5.9918402777777775
"air_conditioning, sports_leisure",1,245.49,1.0,11.318460648148148
"home_construction, housewares",1,245.07,5.0,6.793668981481481
"furniture_decor, pet_shop, sports_leisure",1,243.4,5.0,13.87974537037037
"bed_bath_table, home_appliances_2",1,243.12,3.0,15.653738425925926
"bed_bath_table, furniture_bedroom",1,240.22000000000003,3.0,9.868981481481482
"furniture_decor, pet_shop",1,234.49,1.0,4.445543981481482
"kitchen_dining_laundry_garden_furniture, toys",1,232.81,1.0,2.345648148148148
"market_place, musical_instruments",1,232.67,1.0,4.815625
"air_conditioning, computers_accessories",1,231.34,3.0,4.944872685185185
"costruction_tools_garden, telephony",1,229.24,5.0,14.440798611111113
"flowers, furniture_decor",1,227.66,1.0,2.084236111111111
"baby, sports_leisure",1,225.6,5.0,7.150405092592592
"auto, bed_bath_table, cool_stuff",1,224.8,1.0,6.937511574074074
"construction_tools_construction, health_beauty",1,219.57,5.0,6.33837962962963
"electronics, housewares",1,217.18,1.0,6.255381944444444
"fashion_bags_accessories, fashion_childrens_clothes",2,216.87,5.0,7.3113831018518525
"baby, bed_bath_table, furniture_decor",1,214.19,1.0,14.221585648148148
"perfumery, pet_shop",1,211.71,5.0,8.426203703703704
"baby, construction_tools_safety",1,209.34,5.0,17.68949074074074
"electronics, luggage_accessories",1,207.18,2.0,2.133587962962963
"bed_bath_table, party_supplies",1,206.47,4.0,6.963240740740741
"music, perfumery",1,205.9,1.0,3.1314814814814813
"food_drink, sports_leisure",2,202.62,3.75,6.064461805555555
"luggage_accessories, musical_instruments",1,201.95,5.0,7.910034722222222
"baby, signaling_and_security",1,198.44,1.0,9.981516203703704
"baby, fashion_shoes",2,197.9,3.0,14.409751157407406
"sports_leisure, stationery",1,191.36,3.0,6.321932870370371
"construction_tools_construction, pet_shop",1,189.87,1.0,3.561736111111111
"cool_stuff, pc_gamer",1,187.56,1.0,11.113148148148149
"auto, bed_bath_table",1,186.45,1.0,7.2665625
"home_confort, watches_gifts",1,179.13,1.0,11.811469907407409
"furniture_decor, kitchen_dining_laundry_garden_furniture",1,178.61,5.0,16.260219907407407
"computers_accessories, health_beauty, sports_leisure",1,178.21,3.0,6.993611111111111
"garden_tools, stationery",2,177.33999999999997,3.0,3.127829861111111
"computers_accessories, furniture_decor",1,172.01999999999998,5.0,11.70136574074074
"fashio_female_clothing, fashion_sport",1,171.69,2.0,25.646435185185187
"bed_bath_table, food",1,166.02,5.0,16.229525462962965
"luggage_accessories, telephony",1,165.11,5.0,14.533252314814815
"cine_photo, sports_leisure",1,164.73999999999998,1.0,10.72724537037037
"food, pet_shop",1,160.59,5.0,2.2323263888888887
"computers_accessories, cool_stuff, home_construction",1,158.97,1.0,4.997372685185185
"bed_bath_table, sports_leisure",1,157.73,1.0,3.919884259259259
"construction_tools_construction, kitchen_dining_laundry_garden_furniture",1,157.21,5.0,2.8661458333333334
"cool_stuff, sports_leisure",1,152.47,1.0,5.066331018518518
"auto, luggage_accessories",1,149.31,1.0,7.500694444444444
"fashion_bags_accessories, health_beauty",1,148.77,5.0,3.227314814814815
"dvds_blu_ray, housewares",1,148.63,4.0,8.029849537037038
"electronics, small_appliances",1,146.5,2.0,5.716643518518518
"computers_accessories, construction_tools_safety",1,146.07,5.0,13.346006944444444
"telephony, toys",1,144.54,1.0,27.21673611111111
"fashion_bags_accessories, fashion_sport",1,144.45000000000002,3.0,4.063969907407407
"books_general_interest, market_place",2,143.39,4.5,11.526244212962963
"furniture_living_room, garden_tools",1,141.9,5.0,5.987071759259259
"books_general_interest, housewares",1,133.87,5.0,14.764236111111112
"computers_accessories, consoles_games",1,131.07999999999998,1.0,16.735358796296296
"health_beauty, pet_shop",1,129.11,2.0,5.53957175925926
"auto, fashion_bags_accessories, musical_instruments",1,127.57999999999998,5.0,7.584780092592593
"books_technical, costruction_tools_garden",1,126.67000000000002,5.0,4.262881944444445
"books_technical, furniture_decor",1,126.57,5.0,8.090277777777779
"books_technical, health_beauty",1,126.45,2.0,12.174409722222222
"garden_tools, pet_shop",1,125.51,5.0,9.969108796296297
"small_appliances, telephony",1,124.94,1.0,1.842326388888889
"computers_accessories, tablets_printing_image",1,124.34,5.0,8.22295138888889
"home_comfort_2, musical_instruments",1,122.97,5.0,3.209814814814815
"bed_bath_table, construction_tools_safety",1,122.49,1.0,6.088726851851852
"auto, consoles_games",1,120.54,3.0,10.79386574074074
"bed_bath_table, computers_accessories",1,116.39,5.0,4.665196759259259
"computers_accessories, dvds_blu_ray",1,115.31,5.0,11.913252314814814
"toys, watches_gifts",1,111.92,3.0,2.0033449074074072
"computers_accessories, watches_gifts",1,110.69,4.0,3.784872685185185
"baby, books_general_interest",1,110.18,5.0,1.923125
"costruction_tools_garden, pet_shop",1,106.78,1.0,10.80730324074074
"auto, drinks",1,100.78,1.0,21.939131944444444
"auto, health_beauty",1,97.31,3.0,4.450601851851852
"construction_tools_construction, watches_gifts",1,95.09,5.0,11.420266203703704
"consoles_games, sports_leisure",1,91.71,4.0,4.86386574074074
"electronics, sports_leisure",1,87.82999999999998,2.0,2.162118055555556
"books_general_interest, cool_stuff",1,87.19999999999999,1.0,5.4631944444444445
"bed_bath_table, kitchen_dining_laundry_garden_furniture",1,86.03,3.0,2.2453819444444445
"construction_tools_construction, housewares",1,84.1,4.0,7.168055555555555
"housewares, watches_gifts",1,82.58,4.0,6.531655092592593
"musical_instruments, watches_gifts",1,82.16000000000001,5.0,2.9115046296296296
"garden_tools, telephony",1,80.22,1.0,7.168078703703704
"consoles_games, pet_shop",1,79.89,1.0,1.856076388888889
"auto, home_comfort_2",1,78.06,1.0,13.041400462962963
"books_technical, music",1,75.50999999999999,1.0,15.332847222222222
"art, stationery",1,75.44,1.0,9.60173611111111
"costruction_tools_garden, flowers",1,75.42,4.0,12.009629629629629
"arts_and_craftmanship, toys",1,73.07,5.0,7.931875
"auto, electronics",1,70.6,5.0,9.857337962962964
"auto, christmas_supplies",1,67.85,5.0,2.758425925925926
"bed_bath_table, fashion_bags_accessories",1,63.77,5.0,
"baby, la_cuisine",1,63.25,1.0,8.575729166666667
"fixed_telephony, telephony",1,63.17999999999999,5.0,7.306759259259259
"bed_bath_table, pet_shop",1,60.75,2.0,5.022418981481482
"costruction_tools_garden, garden_tools",1,59.71000000000001,5.0,3.3492824074074075
"computers_accessories, construction_tools_construction",1,54.2,1.0,8.15619212962963
"arts_and_craftmanship, garden_tools",1,37.47,1.0,6.199988425925926
